id,Name,Vorname,Telefon privat,Telefon dienstlich,Handy privat,Handy dienstlich,Fax privat,Fax dienstlich
0,Vollert,Edith,0642573,07351130,0158841,016761536,+7602700,2351655
1,Brinkmann,Gerda,078476514,617078734,0152171248,+6150,06385862,4771052850
2,Wurst,Guenther,046185,82171376,+56260,0157657302,+12845216,+376584
3,Sukkense,Maik,+27531,+576804,0157176550,80807,518006424,03666545
4,Ringelblume,Lea,+158060613,+320005,45144,+45253460,+7670,370077211
5,Joska,Lieselotte,+15804,58406515,0153658875,747756436,+53344,+7133
6,Lehmann,Dirk,+4111,754528,016737871,+201476,+23787721,05335201
7,Meiermann,Silke,04685,583415740,+4605,0163634,+2054778,75155
8,Lehmann,Melanie,+4128630,28717,67034658,72556636,622234217,04371558
9,Hitzmann,Hildegard,+48461,0723006487,0563102,5807046768,+35316331,+44783
10,Ringelblume,Margot,1271635718,0323512,8627150,01626,0782314,+5053421
11,Joska,Marie,7505597,8126180611,+3352043,0421210170,63053,1703701024
12,Vollert,Jessika,0570785114,14326342,+630372,867674,42833620,0734188352
13,Uhlmann,Werner,06840,2232167,+366630621,+1152411,427007,051164
14,Ringelblume,Irmgard,+67118,+36217,202410,0165027217,+3471,00068
15,Ringelblume,Florian,0748132325,81681761,060632476,+35734,684826343,2501788
16,Meier,Tom,04754027,5501628518,016773705,01601,260327,868244
17,Silberzeug,Stephanie,058440721,14812837,4231827123,015174033,+47331,55646
18,Weber,Wilhelm,06821,075544075,5431235315,0162616,663043,04620
19,Brinkmann,Ernst,03163780,464518,016718004,366182,033161177,556504
20,Scheunemann,Dennis,03872208,+4262,73043550,1656802,+30236,0535655
21,Klappbusch,Melanie,+38030261,+507033,+600417,84470411,0344544857,+5635530
22,Lehmann,Artur,80136,06851,01628085,485686,3160704600,06110778
23,Meier,Ines,+35534671,06877175,+770846822,456651587,04220146,02511210
24,Heiser,Helene,07022323,+7042,+6540,7438040775,+378218,21245574
25,Sukkense,Max,503883102,3258816,4802284761,538815,+144076,111360387
26,Brinkmann,Sabine,0324464335,45015,01513,182200705,44420544,0328365825
27,Vollert,Charlotte,0665872422,+52637,016537,+4306,+4118,+360577
28,Jander,Irmgard,882323064,258865,750232856,016537,0782875,04083
29,Jander,Stephan,067854343,36313622,+116761,481872604,+38403,+7472
30,Joska,Else,5824184,06242281,6730985763,016506268,8613818533,+662840340
31,Wurst,Guenter,0617703142,76137,+578877,016365715,064836717,2224106
32,Quellmann,Kristin,+442045,0627440,016827676,024342,061655,041051428
33,Heiser,Nadine,+220481,246556,+27256,861172,332350,0413527
34,Kenterbun,Karin,13206,06300,+1022,015842384,+3010815,+157172388
35,Meiermann,Berta,04114,04057,+125217,50763,7778244,+55336647
36,Freinemann,Felix,+566345681,+354532114,+7133145,47530,+4861,32601
37,Ahlbusch,Susanne,+51118750,+347380,+2010,01584,050153367,073414
38,Wurst,Max,+31175,101438,33284,+6541756,657440263,+372802155
39,Ringelblume,Bruno,+2846864303,0503718,0152846788,0158255,+35721,+527058
40,Lehmann,Jan,03772,345028271,18703,+70192,084664723,7121567
41,Ploetz,Martin,642220603,+184210087,+86675753,8612877210,+3715,+71122221
42,Ranke,Arthur,8540677746,075828238,+4265,+6316847,67622690,+5753713
43,Heiser,Annett,31717145,0352015,+6387,45356,+13365206,+514886357
44,Brinkmann,Uwe,0381653620,87875,+344223,360815814,0584302,0302481
45,Brinkmann,Karl,034568413,0543846337,+71564,016802,052716,07525467
46,Joska,Steffen,+70182,621880,01616,015758081,+260687130,+3314331
47,Weitzmann,Laura,06656,0554505,73636142,01657323,06886445,1218674
48,Vollert,Franz,+1857,+6442,016032,1380717830,7717745,+4554
49,Kluggenheim,Ella,+20803,071160625,+381434220,01610734,645646045,+262335864
50,Ranke,Christin,+175556120,85321306,+4340756,01584,+5554641,2184383
51,Meiermann,Uwe,+27373031,+5436,+48032068,136857277,170017421,576051
52,Hitzmann,Waltraud,24305323,845532,584550734,0152201,572736,+781130685
53,Ranke,Diana,761500,+76077,015180141,3731610433,048815165,0463252471
54,Ringelblume,Katrin,+75802178,+35251418,0166823,27470736,43612,73462724
55,Kluggenheim,Joachim,81655,13642080,0156281,68715134,+783222,050802
56,Brinkmann,Hans,057652252,58572563,+701560233,01635106,58311563,+25008
57,Deutscher,Mario,051316,04474158,2182150418,8345644,67072,04556307
58,Klappbusch,Alexander,073048,628541,10851,0165287,2410008,+47142181
59,Lehmann,Ursula,+7753,03530488,631823744,316188,488417262,+33637524
60,Weber,Ute,3788072,705168,+122527046,220810,701180087,+277785
61,Ringelblume,Robert,1541761760,06074,87166062,257015,0363138315,48355341
62,Meiermann,Gisela,8221514,06706,+2635,2585885,046011286,1883055
63,Kluggenheim,Laura,+174885,03256346,+64330,+6768315,+566687,+7726687
64,Weitzmann,Willi,46502270,0458186,87473,0152434,031066,04021623
65,Mueller,Yvonne,+544084,038273,015040380,0162236,+616072,+37773867
66,Freinemann,Benjamin,06344,0525248136,01524,0153142,+3838,37377152
67,Klappbusch,Michael,+23056350,2875767385,+46417861,70877,+127601,20428005
68,Kenterbun,Willi,+2752140,+1621150,2551817748,+66048,02278,5835008214
69,Kluggenheim,Guenter,13445,2312773865,01518528,01521,060706,0347583
70,Joska,Dennis,042244314,1123618,0164173,430515453,+4866,032143665
71,Heiser,Wolfgang,3568017,68080,43720,+633833552,+5245572,+36245
72,Jander,Anja,04177431,0706620455,+1506557,08241,0222410,+741858
73,Uhlmann,Marie,0312125440,+55017,86655561,+102510,607621,84640
74,Klappbusch,Monika,+10852032,+61480055,015358,18378504,+41141113,1560620735
75,Silberzeug,Harry,+2553,67783,0168078,+62517,0612701786,+727173551
76,Weber,Juergen,07358447,+3410,+584246,01602848,+683008177,4460042
77,Hitzmann,Karolin,8052152,+23067,+6672038,4553161371,+5406027,06508
78,Brinkmann,Marcel,+675266817,0611476,+4723568,334485111,+1872552,07380437
79,Ringelblume,Elisabeth,35535462,03004809,281256,+47874,055600,035541
80,Meiermann,Birgit,0353841,05071,0157254,01674126,47363838,710350
81,Deutscher,Sven,86034318,0448168420,30435128,176021802,0455550141,0746041
82,Ploetz,Christine,07654214,056621435,016451,+26071624,06777553,0385532
83,Scheunemann,Gisela,0537016,078343440,17344,01624,7604368,03344156
84,Weber,Walter,+37324368,+160414,01662,01628,0320871916,40033287
85,Vollert,Antje,+535517534,144477368,2551855832,0163726,+478232746,0405142
86,Freinemann,Artur,4712636821,652366573,4432778552,+52644018,+611886,03247822
87,Brinkmann,Hertha,+7667378,266491384,522288752,01742416,05732122,058808
88,Kenterbun,Birgit,+226380133,35585485,+5331,45876,+60362500,+100134
89,Ploetz,Lukas,+3270,32768768,01671126,01532687,07173425,+6437
90,Grasmann,Ulrike,+67746638,+4636312,60146702,0155533,0377766,04335273
91,Silberzeug,Maximilian,653061847,6720457723,522122100,+2008630,+4588,+467762451
92,Wurst,Robert,+21015615,04730,016541,+631534468,051575,03862138
93,Ringelblume,Gerhard,44824,43028,2164303,+50473,+64353163,05184
94,Kenterbun,Jan,0540288724,034150244,+683435,208616,046177366,030134384
95,Kenterbun,Maria,+6168,+742524,647176,+541684,1711072868,03808162
96,Ahlbusch,Marko,+78107385,0408208,4611005,+46768240,140160,80044
97,Jander,Anne,071326431,44854,0684632,+67554,073107408,07253578
98,Freinemann,Daniel,22163158,14741210,015276848,478435,24845687,+38076
99,Meier,Juergen,77540,03561443,01542,182153,0441235066,+743353610
100,Cherense,Tim,13850027,8712350,01650,01513,+2283276,714854
101,Cherense,Kurt,86828122,+418224278,+644670,33744712,067106320,74006435
102,Lehmann,Ingeborg,03273,3565550567,1044254153,3812761888,0425081607,388434
103,Ringelblume,Melanie,0355325232,0416211557,+5560805,+34731,147670,+314646
104,Freinemann,Irmgard,+364785272,+1862336,+174037,+4766067,+221870,0732563436
105,Brinkmann,Ursula,2115313,05866,531178053,0152213073,05237,44375
106,Sukkense,Niklas,+4576875,3376122,+5183,016474,+567038363,072152
107,Lehmann,Andrea,07356036,+420168,01685,016863,04768121,+676760
108,Jander,Karin,17551,3205513382,+28661,01676815,738610,465518
109,Grasmann,Maximilian,+6557241,1232708417,+2840,84726,535403162,314537
110,Joska,Simone,+333608640,+46451000,728500271,+3710,06440158,7082738840
111,Ahlbusch,Annett,+58250,+6588,52601,+54167,05677,810170
112,Scheunemann,Luise,470806744,0633735,5412161319,015567,04021021,071637075
113,Kenterbun,Jessica,454485,0526333614,01678807,56784232,15660,+26678
114,Lehmann,Irmgard,0388523,+730511777,0167272077,01532576,+58848,+5624130
115,Jander,Frida,0524401385,+3435,016580,+6408658,+2026,2268413
116,Meiermann,Laura,116766078,+7125076,3300701847,83481,+5184,7656647
117,Heiser,Wolfgang,+27867138,+18775451,+352131240,01650,845134,0715216185
118,Jander,Nicole,+2366,+771462183,+60337756,016275308,+1262,6406311042
119,Quellmann,Willi,+74386,03145,118238,01668670,0748155800,05848
120,Ranke,Sandra,05875,0725072082,+47736035,01607652,+7148,6463388362
121,Hitzmann,Joachim,07588647,4048338711,27523855,+344631,5805653,258103
122,Vollert,Berta,78885801,565824,+1371,0153327,+265078337,0427827
123,Uhlmann,Brigitte,+6274882,+72565844,+23508277,0167058414,043263,0381357043
124,Hitzmann,Kevin,036631804,00646,+54180752,01626066,0522530,+3622762
125,Weber,Thomas,043507733,13675063,01558,0151840,+77654847,20808
126,Weitzmann,Frida,46146,012517448,015576,+183376644,2720282,653880
127,Deutscher,Benjamin,06263555,+5748513,01503577,+146283423,03413,+350716
128,Hitzmann,Mathias,035230471,+10535,627384112,+2815,048762724,+330150224
129,Ringelblume,Tanja,052671023,052513737,6354625,20008530,04570,06731367
130,Klappbusch,Karl-Heinz,42706723,5304627303,4624140047,0167681,+50733,10625353
131,Scheunemann,Philipp,072008172,403138,0168335,+2582,044700851,+7818727
132,Brinkmann,Christin,+628210315,40460208,37787,144334,+230060,04806062
133,Joska,Doreen,1566717887,+37808,62082343,54253,+77714,0583662555
134,Weitzmann,Ingeborg,+6036728,377645,015115,0165187138,0414754,+5583
135,Ranke,Juergen,5324453,0678634304,74613,748424,+2265808,05457237
136,Vollert,Yvonne,0712038,0630575,1585474723,0163626564,25556,0534502
137,Ranke,Emma,+220773340,+1554,0252471565,5177764,04773,0656106
138,Hitzmann,Franz,+305282,+62145703,+71127504,14436616,4471763,48485300322
139,Heiser,Marco,032570030,436836260,87753775,01555,07108,055655
140,Cherense,Christin,077664,0330750,+61646,01552,0505585056,38536
141,Heiser,Guenter,+30171,7414561,+7663404,538750,035200,23141
142,Ranke,Helga,+11108700,+3303535,015583240,016786,0752333,4534344685
143,Silberzeug,Dominik,0873317771,+21568531,+12878576,01600811,+70512300,+5212
144,Mueller,Bernd,545753825,0366128,340524,0161108784,045151025,842118
145,Jander,Georg,0517560270,+53015134,0157316248,0165327668,+43546,+45275
146,Weber,Jessica,0566334288,073520816,35416,771328,04537311,0653652
147,Joska,Bruno,04481644,+5857,621374,+40052737,+26527252,04606155
148,Kluggenheim,Sophia,+222785,+5118,+3701067,801067080,04175,+2074
149,Grasmann,Tanja,+1330,03110231,0158306784,+75301,+6171203,+24735
150,Weber,Angelika,+7040111,033407,0164501557,+74522768,0718714,+73603054
151,Meiermann,Tim,+4162,+3504188,0160385,016788,043153,16770
152,Ranke,Markus,+37226,+220545,01652743,+4667228,82043,01684056
153,Grasmann,Hans,+478362,425443404,+167715,015307,0588145,52580832
154,Ringelblume,Lukas,038157062,+6253,+253688,016680444,0666616,0622430
155,Mueller,Petra,+71231,0176253,58708512,86706184,05307,5486574847
156,Ahlbusch,Kristin,+1657155,06154638,016862,+22754,+51524740,07266333
157,Weitzmann,Claudia,+115277752,+7555280,+50556,0168271,05861872,5013766623
158,Cherense,Horst,+75614,4405543,321655,0158042,03338,174061785
159,Ahlbusch,Franziska,030740288,0464445232,+460362508,+10113,+31272,+472846
160,Ringelblume,Jana,0381424,653811105,845318,+14871584,+48731,35502
161,Ploetz,Antje,5246841,043064,015314,+524045,0536372328,08436
162,Vollert,Jonas,+267711540,+682687162,+14123,6067134352,13438837,+75583655
163,Mueller,Petra,+17641644,+4411,01548016,28674706,16578,+55517
164,Hitzmann,Harry,+236516,3248145617,01643,+7354315,04778,60236411
165,Hitzmann,Phillipp,05746,+364252376,02711,520606858,+55171027,+38365
166,Meier,Marta,54251778,8717212,01668,822805203,068835,046244
167,Jander,Anke,0677208,5774248863,01567854,015626,57145,834143722
168,Scheunemann,Helga,+43811166,030114,+4077345,5002128,+21836328,+4352
169,Scheunemann,Jens,4856778,71514468,01583,01630,07358253,0628125703
170,Quellmann,Sabrina,+3840776,+248152,64202,01556,36716,+77188574
171,Hitzmann,Marco,031584,0465053,1536373106,070115804,7154017,66731
172,Meier,Yvonne,0546405,660677446,0166681,+33448,73512,35601667
173,Deutscher,Jana,+3082828,034261,38806372,54337,057734164,030428
174,Deutscher,Margarethe,163811,+646821,+126323146,01510080,055336,1662847541
175,Weber,Ruth,+375810,53636575,+226071568,016612858,1867887434,+7016
176,Jander,Mario,0338135025,0760350,52602150,+67424504,63386088,676613
177,Deutscher,Sabine,+27281578,06772550,+687553351,01666,124843145,7344137
178,Quellmann,Ruth,+151546861,05548062,+742610325,+47772678,07336,31876477
179,Klappbusch,Ella,136026363,+68355734,+14177,+462283,+502640676,1418445
180,Meiermann,Bruno,03184,+7446218,7382743,15851665,075344464,868332
181,Ahlbusch,Margarethe,33238,+5741,016002,0462103,0337015053,0627041910
182,Ranke,Katja,111362018,28871882,318048,5264246467,+5057167,+366185110
183,Mueller,Georg,+6503,051025787,+6488,42040111,02530,+437141552
184,Ranke,Rudolf,83486,136665716,+4782,008171148,+42172,06323
185,Cherense,Kristin,05752,076781,0151037,015618222,58312,03467816
186,Kenterbun,Karl,68681375,051507,488143,01665418,1666613,0683721
187,Vollert,Joachim,+212130,80614,0150713852,015614,30623384,+417648555
188,Wurst,Ruth,86420,0725334073,+630540422,016102,358055,4863136477
189,Sukkense,Ilse,05034100,0607011760,6122853,+2087,725566,8280260
190,Brinkmann,Bertha,+22710,037675,01604632,6408668888,+44864,202313
191,Vollert,Doreen,062862,072770200,44276104,+52778,047087,616445
192,Sukkense,Nicole,+283862,+35223041,58722206,88780662,+671078314,+5386
193,Mueller,Stephanie,537706,0148454103,+785164777,01560021,06684,+65481
194,Weber,Horst,210811237,8326066111,887624302,016371581,060418,05411488
195,Meier,Mario,05723,00442386,+5124,0158424417,065402,176011
196,Lehmann,Annett,617225081,11288201,0152786,+14762,20256338,+5005
197,Lehmann,Klara,650483418,+242112,015734,575258064,+67643782,+13305
198,Sukkense,Susanne,0362540203,03861,30108480,+1070,5287848664,04672
199,Vollert,Clara,676206,101167584,01526,254223402,1627304602,713071
200,Brinkmann,Marta,535710766,88503,58426,+247584,+463683,228140026
201,Ranke,Alexander,+512350,28258,+4184364,6052053236,03846,17067
202,Cherense,Fritz,+2417,0742542113,+7107458,01515466,+7730,+155243
203,Freinemann,Maik,+6513,070864,0157050406,20021,+451180,287801
204,Ploetz,Uta,553777,0508302281,015113300,015958512,0348787661,06657876
205,Lehmann,Christian,0608687454,+52120,+2072264,016863,405878,06873757
206,Mueller,Helga,71015164,07618446,1303866,+63258061,+34246854,+4515461
207,Ringelblume,Dirk,+4460716,066212,015772,88152402,06268,03135
208,Heiser,Marie,312564177,0614625,015821,+574084,+63885,+2363
209,Jander,Willi,+271821878,04678,016153,102330262,0731483213,0522325
210,Klappbusch,Daniel,+3106246,67704,027380,015516,66104063,+2051686
211,Cherense,Jessika,17270231,873834,63218845,07405,+306715,0305336221
212,Hitzmann,Gerda,01307224,32075,01617,8445455644,050411,+425518752
213,Grasmann,Berta,82343,+75448000,+7862033,+68535,34651544,80775324
214,Kenterbun,Ines,20885151,+541436,+662207,531277,28403602,0663270
215,Ploetz,Ralph,0517602,63876,640821625,+70860,0568508027,+6204
216,Wurst,Maik,+42046,6437430,015133503,016405076,+6100442,060035320
217,Meiermann,Ralph,+161261,0624335788,015063461,+21834254,6517780,052495075
218,Ringelblume,Antje,045386165,032752461,0157075,300846,+327854,2524275
219,Deutscher,Mandy,446278,+275511754,+62044,0167401223,06751,+334225
220,Quellmann,Carl,115238,+50622,01556,01583,0575786645,07084515
221,Kluggenheim,Ella,06102,+7886,+3453,+40056,0407318253,+376782
222,Quellmann,Waltraud,00807226,+481767551,5565311613,0155605,+5064202,604463
223,Kenterbun,Dieter,+1546244,077404440,+282530554,016700,2842508,0754638
224,Ringelblume,Peter,0707836,056246,+2017,405348321,+55784,863043
225,Sukkense,Hertha,+14146312,11718,01513546,352530,716518551,+22425634
226,Meiermann,Sara,264774436,+562838376,656402874,0162844,06034578,2454483
227,Brinkmann,Sarah,+51122,47736073,+522011,0155415035,0401853075,0563834
228,Grasmann,Nicole,07007,20450,31505,016312,03230,44273
229,Ahlbusch,Tim,+74840263,38643162,016553,2728735313,207158422,82835
230,Klappbusch,Claudia,+578887146,+56858885,004660763,+1547016,80572,0348744733
231,Jander,Hertha,5865023,+338113687,+12252,015714,6352258234,25858
232,Vollert,Richard,06161,+60340,+574843,01631,3438434846,42613432
233,Brinkmann,Katrin,+10353848,06813157,+483368,01628233,28178,0324528
234,Quellmann,Luise,0632866267,035030658,015470,77483,+732868,04071
235,Mueller,Sarah,036582422,075154463,+55432,0167031,354036785,13832458
236,Heiser,Angelika,076600388,8138454,154228047,015052,+563530634,+53376
237,Ahlbusch,Helmut,+652425,+256801545,3187472,3105372371,+10526,+68360524
238,Grasmann,Daniel,05736742,+1100,47010427,+23233,0303727466,073436547
239,Klappbusch,Marta,07866142,072136403,080157,320775654,033614,+233456
240,Mueller,Florian,+31486430,04554880,562648,016153412,036848335,8661325
241,Joska,Guenther,52132526,0385767184,0161130003,0166837080,+2238508,+567248
242,Meier,Dirk,4735068,0208767,+1262,3154006077,6521367,053655
243,Weitzmann,Petra,53342104,+3410047,+515161,01530521,7881535056,03005
244,Mueller,Florian,053833758,118681786,1148168625,316161,+104863183,87467288
245,Brinkmann,Ralph,+4663,41435311,+20308280,016575004,031378023,+267618
246,Ahlbusch,Sven,+741364255,050617,+437367,6263566555,65078631,+386468
247,Sukkense,Gerhard,+41126,11674,824562404,61271,0607502053,04713872
248,Freinemann,Karlheinz,+4643345,30057,015070,015377,+30057,043363721
249,Cherense,Gerhard,0783734,783127865,015787,0157025373,0738438812,050272
250,Hitzmann,Laura,+54058,030200,+32444,+360083,32454,866542
251,Silberzeug,Claudia,+785870204,84462,11526333,0156043005,+58428,042137182
252,Joska,Ulrike,+230700,+3286,016113206,221308220,0588781208,+30258
253,Lehmann,Angelika,28478,05684,01684207,+707100,642027,052485
254,Weber,Karlheinz,+435546,+388326,8428173522,016570,0764258,5240870
255,Sukkense,Sebastian,445433,85881132,015227,016447238,2048023578,81750
256,Brinkmann,Phillipp,+18413,+31577,46655,015631,+7511142,+33835
257,Meiermann,Uwe,+5110,+3065,271414440,+371455,788878,0625846
258,Silberzeug,Harry,0677335,0424122372,845484205,641438,71655,+118360
259,Ringelblume,Marco,8403882,1676685,+25575,+127424,+3275,264668661
260,Ahlbusch,Stefan,0346488341,00860542,+4720,+712271302,+60634,062824
261,Sukkense,Thorsten,0317257,42716380,2141387,70835,71271,+3805470
262,Scheunemann,Sebastian,+40276,+1008238,01584,08262,+6633064,+43478
263,Meier,Manuela,+45628402,800354,83353,0158512528,5658225,05114
264,Heiser,Katrin,05721126,07760135,+3418574,184540,64660,+481628
265,Heiser,Kathrin,04158655,04233735,016540,+616008543,+25528,+6875447
266,Vollert,Ruth,+47202,+46775663,015171,017636817,641380,0738141510
267,Grasmann,Jana,+67228510,+5586,01513,01517,788882,0715464033
268,Hitzmann,Jan,+554553,05736,0158380723,0165438,162515372,0327563
269,Wurst,Hertha,04510,762310612,0156071088,04587536,032864051,2032645125
270,Kluggenheim,Anneliese,384780020,+356818178,0165802,+38854052,4562562,7753455363
271,Kenterbun,Horst,+657015383,0327582,3266201,016747,+23124873,+708282
272,Sukkense,Guenther,+1612,+124613013,843175,+367703,+70121,+438560
273,Joska,Sophie,033783173,21564,01621513,328148722,058262,1563415563
274,Meiermann,Klara,+78782513,286603,0157741470,4445182722,071106348,+316350
275,Kenterbun,Christina,00572780,230556,+727054258,+588480,2213805,+686836
276,Meier,Klaus,5745167,4671367,015158,103328,0405760,0428780565
277,Weitzmann,Gabriele,+54261141,+47037105,016214,+13217423,07734,2613765
278,Weitzmann,Hertha,042285564,+11763240,+685460,+34885806,+33062530,0332805156
279,Weber,Willi,+528355,65607514,+66161,+523810,2825722016,663334106
280,Deutscher,Melanie,2354666,0534778308,06645201,+1068046,38375150,507382383
281,Scheunemann,Carl,210161676,076178462,5313202188,8714024206,+173744640,0476680883
282,Brinkmann,Birgit,6282756,+6844,+5356386,12777356,45525255,+43121176
283,Joska,Sandra,038752,+387841,01563241,015745,046711,+76538526
284,Cherense,Ernst,+5661,033025,+701287,01650,27268741,+25617385
285,Wurst,Lieselotte,57675560705,42481142,+11466,01646002,07615561,370344
286,Meier,Marie,+444732,0787612415,06201,1111327311,07563,050538
287,Wurst,Karin,+3805,064602365,01662166,+27471,7314821,55162818
288,Weber,Vanessa,040461,+7641213,+1332,01527,5886230,0446110
289,Hitzmann,Edith,157017880,2037658,+6755120,8188271,+707608488,0528806484
290,Scheunemann,Gerhard,+7380,0448201,0150184147,752676,0680086,+3702
291,Meiermann,Sven,226585264,+473012041,32000077,015427640,05000,+36475886
292,Ploetz,Emma,055406,0706843,+428316,0161805,3487021,8864471
293,Uhlmann,Ida,+703243155,+345000,724617,046560,2681504858,01425136
294,Joska,Dirk,0721526475,+4008622,0153420335,+4870,+2001317,57244
295,Silberzeug,Thomas,+7426537,065173766,315863,+25476060,00842,06064635
296,Freinemann,Klaus,0559250,+35462,0164627,274608450,17486442,47842
297,Wurst,Lena,+683712308,852342867,01565511,4481237,0332844,2531255685
298,Grasmann,Joachim,06117063,326543,0152266,038342,+611182,8531447
299,Vollert,Sandra,+55294,+3163358,0167436,218755716,+153320840,48212662
300,Silberzeug,Klaus,638069910,0503530355,824125,0150205043,43313,04347
301,Quellmann,Ilse,0378140,067401644,+103386183,440067837,728235,17634185
302,Ranke,Elfriede,66140,03735,0162327423,643744,+7825,+308565
303,Joska,Phillipp,+40878438,3556543311,+5705,+7541,05726267,0447676042
304,Klappbusch,Stefanie,748022615,048215,0155826,6516014571,+6802815,+2867
305,Scheunemann,Diana,37205,057551,+56675,01557060,2285045323,706861
306,Ahlbusch,Maik,+72487444,8686755473,0165170650,6086178,57712300,+27773356
307,Lehmann,Frieda,0358862272,55048,+40672,+68445782,002117004,+33358
308,Hitzmann,Tim,1771703,0773836362,358751,01510158,44352170,0428058433
309,Grasmann,Florian,472104816,2078022358,14558346,34018740,+780862,041174533
310,Quellmann,Nicole,42243,0415367,0164218677,+6262130,+481636061,05820397
311,Weber,Stephanie,07728,+5556,3602015,004504873,0335108377,+57423
312,Scheunemann,Christina,072005,062665,+542385702,821267,0608455,05855537
313,Wurst,Frieda,0726577,+433082647,01521160,016423728,+43825,67443874
314,Mueller,Sarah,065650,035362,+217516187,+327688,22050416,03772
315,Mueller,Juliane,+481473688,+63144037,+446387,+7812,+1334826,05111
316,Heiser,Barbara,1310431765,7022133,242676,+514407,0720241682,+568461
317,Uhlmann,Martina,23754005,+7884,01678,+30616,062700,705054202
318,Jander,Sophie,4041321,0512017548,72322,351336,1150564717,8582610258
319,Quellmann,Edith,+322804,06006277,+3143,015368548,07648,031443
320,Kluggenheim,Sabine,4751615,+50218,324762,+3244683,0511543,+130202862
321,Uhlmann,Erna,+45366,02125145,+34266,015832672,+6533828,5652774035
322,Meier,Margarete,0363556414,+2430,844504,01617101,+628020103,+661286
323,Kluggenheim,Julia,07430,05334548,0151060,6146682,+587135304,0735370734
324,Deutscher,Maximilian,+1313044,+43816615,+162820,+38501822,05228468,01440616
325,Deutscher,Sven,+421750228,23464182,06067,+75804614,+367444476,05110
326,Cherense,Stephanie,+11155,0740385151,2711330265,015600,04483600,2843240301
327,Uhlmann,Martin,0617177,0317640143,261108,015778436,0705413602,71046062
328,Ringelblume,Joachim,27778,03403223,01603,01628,42453013,+4572700
329,Vollert,Marina,+5847,050242577,015164,+2331,+26132,+4866072
330,Sukkense,Uwe,+18541,7122472,0154207,0152056,433517281,+3867058
331,Uhlmann,Horst,0606867,078682,01661,73011433,030665351,+522220
332,Heiser,Christine,03861,0347574747,+1701,0161172,05408714,055432536
333,Wurst,Jessica,72622614,1506032306,+466374372,46264,+54781833,+541574081
334,Hitzmann,Laura,5834138503,6521623283,+2464741,+745414,076635,0430002
335,Deutscher,Diana,56418015,74107108,42607,6460437,+256732023,171582
336,Mueller,Kathrin,066724,6566707,+5145307,+6433607,518575,04577244
337,Kenterbun,Andrea,+3580210,0786145870,01574,064712057,8462163,373161326
338,Mueller,Hedwig,768480134,0757801532,31250,+13783,4222272305,070348240
339,Uhlmann,Thorsten,8761685,+55368,75236,01520426,0443448188,036166
340,Ahlbusch,Monika,038143,05074,01574,155823,04443741375,034023177
341,Brinkmann,Melanie,+7176600,055105,+4372,+240760,242374648,056623
342,Meiermann,Petra,+302555030,6882565,+148083,0168226470,+5018,+665706406
343,Hitzmann,Stephan,4464175,1537444,841715285,6634314350,+112073,512056008
344,Joska,Ute,05065263,063484,+1640,54316,4262714510,071643481
345,Kenterbun,Rudolf,+6764,+11012,0205645,016288435,+38857361,03476487
346,Joska,Marie,+307203140,0455030016,206453,+2681636,034445850,037658068
347,Weber,Doreen,+73537,033323,015881,+16121344,+22027658,+6423805
348,Weber,Gerhard,5058176835,068818062,558245138,+145316007,076623423,0614340033
349,Ringelblume,Lena,7471733,0405640643,+103503058,02188273,18253458,+2000541
350,Uhlmann,Martin,507423778,071071522,015100,374450735,0586348,06276
351,Ringelblume,Christine,137222872,0616570451,01531,4648383,175324,+546520
352,Jander,Erika,+61365551,0766243545,+123316,+324556638,+10465,+664346873
353,Kenterbun,Ines,06166214,+78223602,+44680360,2234232004,6768257481,10364055
354,Meiermann,Jonas,03744428,341388884,44712415,0154228381,+235665,0326416302
355,Weitzmann,Walter,08244,02014,016554067,+7181044,332051,+160414
356,Kenterbun,Karin,63217651,+6128833,+177444386,6887521,+35444,+205028
357,Lehmann,Waltraud,054616,8423875,+13633,01645,037625,306844382
358,Hitzmann,Karolin,+5815,6882288234,+526188184,06608534,0325704627,052086624
359,Ranke,Sophie,0478074,+602323200,548878,+15811001,05443,05528
360,Meiermann,Hans,465477,058813457,+1773100,01661436,06025,+40207056
361,Freinemann,Arthur,51408,00165106,+10261,8762723515,+4250301,+2124
362,Quellmann,Thorsten,041473035,+548651775,67363062,016809712,86026,+383770408
363,Hitzmann,Helga,+70877015,40837,07801,+573528,63644513,61241
364,Heiser,Jan,332316051,+575397,+7120,+7618,1273571,+52585
365,Silberzeug,Sabrina,731823206,+688425,+37385768,1074248,062382,0625703
366,Ringelblume,Patrick,+723263806,07331,81238128,647663,0557450777,2780623825
367,Cherense,Elisabeth,05715604,8738563,588745131,35515342,+1235,073082
368,Brinkmann,Karin,+664838458,685636,561343,0160462,+2462,34884
369,Quellmann,Frieda,0546842664,+236685638,+527485837,026361165,343767446,0310163
370,Ranke,Torsten,301838,+5141762,01670,26352416,0617381,031125
371,Ringelblume,David,042250077,+36030252,01672,54218661,+241074,2443236
372,Jander,Ute,07400,0642636082,+31500110,+68334845,675275,+1387757
373,Quellmann,Otto,033451,+314175563,01631223,015761,05220,670614337
374,Quellmann,Lukas,+5727,0440417,+480034,016838475,667362,0428146487
375,Mueller,Andreas,+48516880,04183668,01648,016148803,+2376672,6344334
376,Scheunemann,Manuela,6508086,+6684,038373,048070,03761,0556132222
377,Quellmann,Clara,06447,+52567130,+462783602,55170408,0766214741,533048
378,Brinkmann,Max,+72858174,033557052,016216,0326720,051451647,+565160
379,Meiermann,Peter,0500024632,042888058,+687570304,821526,627874306,585482
380,Freinemann,Karl-Heinz,+58886,8623788,016546,01604,+737984,+17040308
381,Ploetz,Gerhard,214143147,042862,+37256884,0164060211,+3328572,+6210517
382,Weber,Uta,27752057,875206,01625,7620751,85134,07066
383,Kenterbun,Sarah,07871,+766152207,1058888787,+672865074,+765743806,+214320210
384,Klappbusch,Emma,0304534616,75016,3375375258,015088435,0631275,083854037
385,Mueller,Helene,+4578706,+40668228,0160375166,+21837,+1384,+163771
386,Uhlmann,Fritz,3645683622,04306,+277465547,01635,241284,0330634457
387,Wurst,Nicole,+22564850,8016351,015380,23375114,581803,066843843
388,Joska,Bruno,336027032,060124167,2848321,+51433657,+1282,+18635
389,Silberzeug,Peter,0504841432,062581,227075252,24673563,27713,0562388311
390,Ringelblume,Margot,324115,05122452,01583552,0161822,60735,+55880106
391,Sukkense,Michael,0470550385,0345057124,314166322,+2428708,360656,712770
392,Klappbusch,Uta,31641121,8776015,016248,+7718,+3273585,43727
393,Kluggenheim,Walter,+6300,+3420,7804432,6221234235,04521,+1484
394,Ploetz,Lea,475720066,04284,344804,+507408336,0600186826,038432
395,Ploetz,Irmgard,+24385404,+206806348,7456825,84652634,+273734244,0446706642
396,Kenterbun,Ida,04346602,07565,015621,25551,068128462,+333678450
397,Kluggenheim,Max,+3016864,0307576,52268623635,06174,+27829,616136
398,Meier,Anja,74683212,242858006,01501760,+78665825,06736,+26738
399,Hitzmann,Gerda,662321587,+334503086,01676256,4560344016,44804,064730
400,Freinemann,Stephan,+5201,+328667715,2083864,016123225,17464675,03057
401,Kenterbun,Ruth,030135220,86763,87865,33533,63750,5286201833
402,Ahlbusch,Anne,043771,0587675086,01521,05286866,421413741,+565443314
403,Uhlmann,Fritz,05815281,+4580144,+4506,+4534157,658835,327046
404,Ringelblume,Franziska,013680,+38065,01583,4307338,37506753,+4745215
405,Weber,Guenther,0703653,+430888,015515,01541,+57265408,05884
406,Meiermann,Willi,065372,21885075,575078236,+13463177,03444,276466074
407,Kluggenheim,Melanie,046306,7521305,16681334,68507,030684,0411618561
408,Mueller,Paul,+11211,0305327,015366,0158430758,+7702,055486
409,Ranke,Mandy,+681100688,+50285682,211041,0161370076,7670677,066368325
410,Silberzeug,Ernst,0371752430,+213806,+26866346,01533,+366407226,0742254383
411,Grasmann,Karin,77186323,275530,016244086,+51678,+310488208,04136
412,Wurst,Ulrike,1065270,036325,01567,016467,+6901558,11448555
413,Uhlmann,Erika,2832847,+430574,+4411,01604,+10673404,030820
414,Weitzmann,Guenther,+630231825,+32033063,3231663,0157403,031132,+374310
415,Kluggenheim,Petra,07014,+14425,0165070380,01531,3212454114,050454
416,Lehmann,Manfred,16738,0484605156,+512232223,61124,07801685,0604075601
417,Freinemann,Jens,+643750,062676653,+4648,+47545576,03784,046055
418,Hitzmann,Maximilian,742317,+177873254,016114,01517,057818544,03303
419,Heiser,Mike,044733,+312418050,+354176867,+6448,7482630073,041730800
420,Grasmann,Fritz,+1067478,+321415,4055221,016741,+753625,033582
421,Freinemann,Doreen,72156,04536252,+4083,0151036,+1662513137,03505
422,Jander,Ines,+40357,037322551,016211,01654470,8303731,48184883
423,Sukkense,Hertha,42372766,8251100134,4043695564,015885134,+4110136,045636
424,Uhlmann,Dominik,+53108,061062,+43511,87370516,4370457422,+62133
425,Heiser,Ella,+14253308,151424567,+6754383,+21121,0024378688,841375843
426,Meiermann,Robert,+4453,3323364,+64060443,+480458551,743380633,+767514112
427,Hitzmann,Erna,052342076,05467070,+30616,874521718,862314482,+45613603
428,Heiser,Artur,04166,+31123,0167162765,0167516520,03544,038725
429,Scheunemann,Karl,0462337548,+2832815,+562432650,+15034,651805,065057001
430,Joska,Anja,+42818118,68475385,4873573606,01580,33453,065474
431,Deutscher,Georg,62536,+4318,8735384,+611735,04341,0534001365
432,Joska,Carl,04087,043247,016886,+223635657,+6522,07621341
433,Sukkense,Guenter,7205872,051558762,+3855332,+285145130,06155081,044613
434,Kenterbun,Karl-Heinz,072182708,4186234,+478753780,+150371,+26425716,758632
435,Brinkmann,Bertha,+68485022,0740518241,+32820371,01623136,+722782,+2215
436,Brinkmann,Helene,065806265,0504426,73212,015432,18656243,80386563
437,Freinemann,Emma,1388062411,441218536,31686,17486787,+2872606,+612334
438,Sukkense,Katja,07267,4657354167,5120330381,+1388535,06533,108835453
439,Lehmann,Frank,+276743,18427364,016371,+426715034,+455874650,037850
440,Ploetz,Ralf,576133018,+67875,8366248158,01532,07761,+448483502
441,Uhlmann,Gerda,606074,68817,0160101,430744,0858526,+4544
442,Weber,Fritz,+765620,+61657833,016788,015264,064876320,0717471
443,Scheunemann,Manfred,065340,327648,016661,01677,111434,17353241
444,Ringelblume,Silke,06267472,0623660085,015747,+576370031,052768517,7802563568
445,Weber,Sabrina,+636687,05765132,015803,016473,061621,+1865838
446,Mueller,Martha,6305776418,05051001,016202864,+15168626,033271,033308
447,Scheunemann,Jan,+5254,07820248,452752222,+60408,+65766,6383882185
448,Quellmann,Martin,+6203,+17061,010832,788702071,+474267440,+480387
449,Meier,Kerstin,0420072757,25315614,0151381778,0155556,+270287563,058871543
450,Deutscher,Anneliese,05876752,0506484,+64005750,+43300712,+70677,36462436
451,Ringelblume,Juliane,+474764,05537,+3844,01582887,88346410,031358836
452,Quellmann,Ingeborg,+28154,+70601747,+64247165,01632144,+48461486,+78758
453,Jander,Willi,6321726,+53140138,016372,0166466140,+5814,647830584
454,Kluggenheim,Sabrina,+6727428,+704607757,+241740122,+432580,046312601,658636
455,Lehmann,Horst,0703544715,0381855507,4811260,016346345,471830,0818105
456,Cherense,Niklas,323862155,04652563,01548,01600573,326005330,202468
457,Kluggenheim,Marina,57274281,+631033412,+2571,604077,0462120,4147154
458,Freinemann,Karin,+6315687,8274332507,+1630,01641,04575,0728751
459,Kluggenheim,Jens,23332,074542,+244031,+27520,035272,+604307641
460,Ahlbusch,Angelika,04361880,27171158,6700458433,0162142666,+38530811,0633331
461,Kenterbun,Elisabeth,043573,+31312586,01720,14321,053378,4451305
462,Brinkmann,Anneliese,0133376766,0413443,1511804433,8236237,66254022,335888
463,Weber,Christine,03747,+56417,6321820,73585,070285473,0735774358
464,Kluggenheim,Karl,352216055,0513257852,+32100880,0162401853,046122674,1118062383
465,Klappbusch,Joerg,2484270,4813886,01571,0168430205,040064680,64244636
466,Ahlbusch,Doreen,03800656,0553088552,275763368,0162820,82003,+5512253
467,Jander,Christian,+235435635,030223476,525387038,015135,+7584021,7678701
468,Silberzeug,Dieter,+565534137,0425013125,016148,01504,05410717,+5738253
469,Uhlmann,David,+5132642,460144070,4881688700,+48366081,+2555,13627
470,Kenterbun,Diana,071358340,+51622,0858085372,+47667887,+60130,+5802
471,Deutscher,Bernd,05531330,2214610,0162360807,3868717,4720234646,852573206
472,Wurst,Tom,83738476,4481223202,3522518485,2211605653,+308312645,06682028
473,Mueller,Dieter,8257571,+3260,053082207,015747640,6883718,0676710411
474,Weitzmann,Dirk,745674,76164,+175506658,74481383,15080,667155321
475,Mueller,Hildegard,043630730,0508555076,+30432,8003522,036454852,045635301
476,Uhlmann,Herta,0301555517,+77523825,+314108323,5414824,171733,06212
477,Scheunemann,Louise,783275,+603077341,576215,+47626717,04261,+58017057
478,Kluggenheim,Sven,+77306,0623883,81286071,015261482,+77714,060866
479,Ploetz,Mandy,255415,06044182,1788481876,37575404,+651376,07250
480,Vollert,Dieter,+56817,05045,015223040,+1672,75322677,066133141
481,Weitzmann,Lieselotte,24767135,+71214,0162087540,+434635032,2671362,+73206
482,Weitzmann,Ingeborg,5548876,078152084,01558505,+22120,+5826283,06834
483,Lehmann,Lieselotte,+645876,568308777,+22336004,+67651783,054042610,+54052733
484,Freinemann,Dieter,245288008,+550288631,+410204865,1543788087,0077681,+5778820
485,Silberzeug,Wolfgang,04473,0561152,+6316337,+388746721,04237,+36211782
486,Weber,Wolfgang,+6828152,+44526635,0166513201,+63308523,+326242,050712
487,Quellmann,Leon,28182525,+3505,10432028,1728508,387527710,+43570632
488,Uhlmann,Max,61733514,+558330072,+668667574,+777175258,+521187122,13140
489,Ahlbusch,Steffen,0661382581,+6138543,016374,01680263,+428546,+35028611
490,Ahlbusch,Juergen,06352647,2118237,+748374874,01637,4412676213,+5867050
491,Kluggenheim,Janina,06548,0435440136,0154318,+617156,+10231368,+718144585
492,Meiermann,Sophie,0685118,+707080445,015146535,242767450,24646,+52643547
493,Klappbusch,Claus,064777,+34200,01674848,65088,6866482374,+1327
494,Freinemann,Curt,854542,2014308,+43225058,7883774,0631586148,05518018
495,Silberzeug,Julia,+17223,+38577038,+1310,016626,+750073,03584
496,Meiermann,Ilse,065238825,0723337832,36012567,01516578,0431531,+781124
497,Klappbusch,Leon,+747641,1574763885,+346741,6147154874,36177246,+623113
498,Cherense,Ruth,0558831623,+2814335,6125668,0158358,033503434,045834
499,Uhlmann,Carl,+422566161,+515764,01525110,+5663887,86248505,042348417
500,Hitzmann,Georg,03738,06803337,+72380,+55028,040305429,+533363
501,Hitzmann,Klara,+254358,41361005,37844,+30413311,+323748,0485236518
502,Joska,Maria,22656406,78202,+1648,+364460,+1286288,06213778
503,Weitzmann,Thorsten,050342224,0421435324,273152248,+728253208,+42204,0510873136
504,Grasmann,Uwe,+40202407,03278021,3801760868,+7071,+1061,+363762701
505,Heiser,Sebastian,+745156,7684172353,44484025,+632547,04428,585355863
506,Heiser,Gabriele,+7466,+72087852,41225436,01502353,53846,+7035055
507,Weber,Ulrich,+5302665,06224261,015362826,53455,+61288020,2868482028
508,Silberzeug,Dieter,7576506,0783742045,+161358685,016462,+65034,70448386
509,Joska,Thomas,+42170784,2646231,100374145,153041403,68357,0775357770
510,Quellmann,Sven,2200145,034661558,0164701,25333181,+45366,48110
511,Hitzmann,Kerstin,573883038,051681,016113776,515208,0703752142,455407108
512,Joska,Angelika,+2057,2734381,70800,+702842848,03173,75572400
513,Cherense,Torsten,+654345,+538305221,015308786,015834,+708256710,057676073
514,Mueller,Guenter,05606265,+4781568,01653868,01625262,43715275,+713552
515,Deutscher,Laura,046871686,0372085,+54812648,+231501,6088677756,45475
516,Jander,Janina,24423,+482277833,+418850,+68388,+2113,38573
517,Ranke,Sophie,+465250251,3757616108,0167304,01604,+3458835,048545
518,Uhlmann,Sarah,+204247,0716642,+1484163,+4106,06383617,3387636
519,Cherense,Julia,5103487,116555,42016,016586223,+70141,+4024474
520,Klappbusch,Gerda,038243244,0650784270,016865581,+63715,+7078322,567237
521,Sukkense,Artur,+445146,0341276,01558,+340683,7337484568,03253
522,Ahlbusch,Sabine,7255583,187666,+783266,+50121200,+4125,+7514
523,Lehmann,Daniel,0575617017,421116,26745,153137016,+3521,048288474
524,Quellmann,Peter,05475212,0524353302,01671476,+342777755,213835177,5230642
525,Meiermann,Manfred,0742235,+6446,01571,+24541,+782016,+65838046
526,Grasmann,Laura,04222,0443321814,016285,7557842608,2664086,+31254464
527,Ranke,Max,0476852,84826,282666,+480408385,0560088784,038001620
528,Meier,Wolfgang,304303188,278206416,+484851,848122552,+18331233,0336111276
529,Meiermann,Dennis,212635076,0547460342,01610264,+5302622,+145771,7682267
530,Vollert,Yvonne,+23843,+411230,02320,12846,03422648,515745
531,Ringelblume,Ida,07126,+2683442,01558,0143158,+288431003,684056
532,Cherense,Otto,05633,067667,61566,5333845,0887227,+20757204
533,Deutscher,Annett,+10608,+432353211,01526408,0155377,0584030,033713
534,Weitzmann,Helene,+6321205,035656784,01637,40550,4818508182,0505566
535,Kluggenheim,Daniel,6228170,+208440007,721103,435142,725547,+46647
536,Jander,Mike,+604857,068333,0157173,+757273,6158712,400558
537,Ahlbusch,Ernst,102463151,276382,874256862,01660,61603628,0560183056
538,Quellmann,Vanessa,30244063,+443637684,0167152,0047285240,3647611,045580
539,Grasmann,Hedwig,+444048686,+417573576,+275655,016756340,8048446411,+507543325
540,Uhlmann,Florian,2016658,+638583836,0165484,00117,+36533835,06025
541,Cherense,Stephan,21148415,+654111,01537003,+5440,+311741,7730224473
542,Ahlbusch,Birgit,45464872,612047,43256772,016555241,+46511351,+278318
543,Meier,Torsten,7443114,044046,840040,01582,+3834,07623
544,Cherense,Paul,+16311,421660,11084,+4605812,+232003,043307
545,Sukkense,Lisa,+62563,7861964218,0158461,+3128,+5461580,31605503
546,Meier,Mathias,+5011,736740,0151156,015841,+1642,072446852
547,Freinemann,Marco,+278600,044226764,01636412,0156061324,7841647,6412730
548,Joska,Maria,07027868,+517450,01644605,015524,4005653354,543331525
549,Joska,Franz,074358,072346681,016434756,42725,162050004,5928375
550,Hitzmann,Christin,624021032,+4827,016554,+62264,+413238,3461621832
551,Scheunemann,Guenther,+75037422,8836256,+570253115,01633773,+56071,8231235
552,Cherense,Uwe,048003,67348272,015160,02264,04388257,+770770
553,Cherense,Claudia,+147562465,+2448427,+5344,852644852,+27266748,+314568511
554,Deutscher,Ingeborg,+3450145,+187444405,+54323,+5672872,0344481,+5151148
555,Meier,Martha,0464570,12028,17123,+1835,136881872,54620210
556,Kluggenheim,Jana,06784,604530003,0153427,016342,06071046,+3621578
557,Meiermann,Marcel,2647620,0666030208,+251555,16370662,+7083,+76683454
558,Cherense,Werner,060332232,+628413068,+136076,5428707458,80123486,448846740
559,Weitzmann,Manfred,+510854830,042888,63838,7611213,+7010772,76835
560,Kenterbun,Gabriele,05445,07360448,016366,+620135420,+554086,+2216
561,Wurst,Tom,03536,03576126,10031,+6327823,03266,87088636785
562,Mueller,Klaus,+511887868,+75623,+42803,0163666477,4165787,+67574560
563,Wurst,Guenther,+684850,0747534371,015841,3346228,+567655605,303780133
564,Silberzeug,Andreas,04708368,+100380314,01610,015102335,301334,+233513
565,Joska,Lena,0703344,+477881353,016151,07641656,0624604,0305873
566,Vollert,Vanessa,05662386,+102142,0164113,0157636782,+2552,+6184434
567,Kenterbun,Daniela,06204236,8085180,01625750,12185,561453174,+517307
568,Scheunemann,Guenther,06813,+15847,016848778,515633376,+781525,041752
569,Weber,Jana,061118708,075257,+44367,+7301064,426404216,315304
570,Ahlbusch,Anna,046463,+768275581,0060488251,01602764,+61227,+6246433
571,Kenterbun,Christine,+7585176,+41514,+178410,862304,042651,+160666754
572,Deutscher,Gerda,07302,0678786,+75444,01507,+702115,047153
573,Heiser,Katrin,0670777,0670706188,624753,+1280730,+1557455,04321
574,Klappbusch,Johanna,04880,048104,841464,67878,10028,3863845736
575,Meiermann,Emma,+62572866,073067,016522751,037630178,+32657476,0445552427
576,Cherense,Otto,07014863,+58825,015406373,015106750,815753778,07524416
577,Cherense,Klara,040587,+23602,4640257,01520556,+5338,036041111
578,Meiermann,Wolfgang,04228003,+48410031,0154140,+787102433,+50673,57482
579,Jander,Janina,+200444,70548817,+4108553,0153076080,702717356,+4123131
580,Silberzeug,Lukas,+17136,+2207840,+28151,+614233165,+285106011,+634723
581,Ranke,Heinz,06775406,207372,0166420,783227,+476868,053730
582,Kluggenheim,Frieda,113341727,68733563,+6103653,01541073,+285520612,+571314
583,Ploetz,Wolfgang,0711776074,0401025275,26346,+5232,140132,3101285487
584,Ranke,Lena,0413336,0667770645,01621,+760851607,206138,472240037
585,Wurst,Edith,0386268,554486087,370317186,+72643884,+766553217,038806277
586,Meier,Melanie,+7085627,+610600438,0150878716,+120623,+72377015,+73554
587,Klappbusch,Max,638022310,05353620,015008,0163714658,04158450,77387
588,Sukkense,Ulrich,5261103,060830,+514583846,016200031,311048,26854
589,Weber,Walter,+666718231,27045,011860,01771,05613360,034673865
590,Quellmann,Erich,0314737208,35618,5857748786,+655675,606170011,8475672630
591,Quellmann,Karl-Heinz,+562664768,636453,0165875162,21415368,07325,0364761
592,Kluggenheim,Clara,04737106,140646233,347016553,+7538751,+580706,+74760403
593,Kluggenheim,Ute,0382672480,437233272,+6512663,+3544,+7457726,+1761
594,Klappbusch,Fritz,51025,05111083,7014245,2006834,4232084011,532642
595,Meiermann,Dennis,2215515,0261714,0165778116,781786565,7873488526,6072640
596,Kenterbun,Julia,213563,06253851,+2362,01604,+4140435,057711
597,Weber,Uwe,532676837,37386217,+255748686,5056420,+688473221,0627835
598,Meier,Christina,686681,+423640030,01581311,01626,41885783,7506750
599,Ahlbusch,Dominik,23543511,054015,+682705,+330267120,0371417,+74306856
600,Sukkense,Anna,23042284,0380406364,+4803443,+637840,+7740,+36232
601,Sukkense,Ida,034243,2041882265,+588817,01511,+26823,03744
602,Wurst,Charlotte,0337210433,1254240,+6516,+721425,04565478,30134
603,Deutscher,Kristin,+58784152,6006418864,0163215,015083,43080,0370585766
604,Kluggenheim,Ute,078410,+3201,+351047,64285,513384483,038184388
605,Ploetz,Mathias,+7942,80783,01685638,+52563,62573,+5688
606,Klappbusch,Kurt,4642018381,03655345,85451607,657483,03672701,04821687
607,Jander,Daniel,8328111,81311,+5385,01500,062168446,581474
608,Deutscher,Ralph,335157742,0428243001,+661732115,+1286623,+6726,044063
609,Heiser,Gerhard,+225102331,+267517,+2513,01654,+57377,+538851462
610,Klappbusch,Sara,063031418,0357810472,+38022,+301852,247078384,0574164270
611,Mueller,Claudia,7675515,03645,016111,015131533,2680243,02260831
612,Weber,Karin,+763554807,+721630155,01644,0163604748,04678,+13442
613,Kluggenheim,Laura,+46352,2114783837,+4637024,04012,048504,33155270
614,Brinkmann,Birgit,4807204,04575,642833,+11803,1428718,6035127260
615,Scheunemann,Stephanie,052341437,06737111,72048,01650,11477748,+3727862
616,Kenterbun,Nadine,+2503,03818,015122,015111,058540,7631784
617,Weitzmann,Helmut,0354178,+1341114,+2046,3008057,+288261567,03850
618,Meier,Charlotte,03785678,+40528,+62573,+53560317,+63805833,+701605
619,Hitzmann,Simone,0583122272,621738707,0168588,+7137,6343847,036135
620,Meier,Jana,0483570034,07721434,+17484220,+75418,+4214572,+67527448
621,Ringelblume,Werner,+484600,05721,016835385,+380460402,73473,867678
622,Grasmann,Claudia,053703,087571,5502384,+11753,055823071,41855
623,Silberzeug,Angelika,0671037,03510425,0161122,01657111,+17643,0600421801
624,Lehmann,Karolin,777865,+4025,1772684,116154824,812581471,135252331
625,Heiser,Mathias,12003,057471,015074,+42513,6368216666,06188202
626,Uhlmann,Sara,065257425,+2022814,+7337,1081684704,+15167752,0314137153
627,Meier,Dirk,045404267,48353,178408,+20101440,+3605,+16012
628,Uhlmann,Hildegard,44145,0686766464,+48787875,+4261573,03674831,42730
629,Uhlmann,Lea,073156235,72887,+261120,+73462810,+222605863,0308837
630,Lehmann,Sophia,+1503,+6734617,7166545,651171,0603588404,5333770
631,Hitzmann,Tim,+524083033,05078,0155744,015458127,057304756,0465570030
632,Meiermann,Sophie,04572058,0775443,01657,54117,2268724507,07661720
633,Mueller,Manuela,253235606,+5842,025076783,+7467,+5370815,043081
634,Grasmann,Arthur,067636375,+376811013,+1700,+7003,62581,+660416
635,Ploetz,Thomas,+637741,+46748,+52013703,01521,045148,1120868710
636,Ploetz,Hedwig,0720535457,0756455658,6575085652,35137201,+7476,3347805582
637,Freinemann,Emma,2781367613,061327,240042603,+1778865,15430,226353
638,Ploetz,Karl-Heinz,47035651,040142,+77723,785118,+47544,+56046
639,Meier,Julia,+305016,03545,+20170,+55450576,+6271,0583124
640,Ahlbusch,Ralf,036302260,+4520551,+718174,0161546,+5516,3136160874
641,Heiser,Manfred,73640713,+75113,112663181,+78062780,76441,4237200341
642,Deutscher,Klaus,+550304546,+13013,015558,34254,058462,+21476
643,Lehmann,Kristin,618144584,16638,216734717,+58447,+55337342,071232015
644,Jander,Walter,0318547001,814344414,881212,+44227,075805,+55355
645,Silberzeug,Kerstin,053086365,86543,+288744543,016872,+7150604,0602078
646,Cherense,Artur,03453468,+5401213,0150235704,+54325740,06652000,0541662103
647,Jander,Joerg,3425435581,+668188,0153436,8860785,4638255682,38316
648,Meiermann,Gabriele,33316332,812152,+46870517,01680,351720164,337656
649,Ringelblume,Tanja,0525034335,+170366,045830,01583226,+17732,+1024
650,Hitzmann,Joachim,0452185355,24045,+16143051,762253105,05685,+5402
651,Sukkense,Dirk,050275686,233200,702830114,0155104,+63423,+600406
652,Kluggenheim,Steffen,03361,42886,1252312,01506,+112207587,+2881353
653,Uhlmann,Stephan,754074,074365257,01621413,+378306,07373,065816
654,Scheunemann,Sara,23802208,136503,+4103,+65677,5163272705,0608018
655,Weitzmann,Felix,+40624807,713423532,01688548,02068,0714321,066164888
656,Mueller,Jonas,053235,06678,+3501000,01542357,0743403856,05008576
657,Brinkmann,Irmgard,054478,+5182,0164204772,0155325,06341,+507102550
658,Ranke,Leon,+61228,06702783,81052574,+12511,76784,756185766
659,Cherense,Curt,+2420218,+6844041,81807562,015234428,+6312615,+7037
660,Uhlmann,Manuela,7643041453,+2600,01638,0152753672,068823,+711341755
661,Wurst,Juergen,303082222,053684,45105,0162673150,+7218,+523515
662,Weber,Steffen,+412828811,106333,0160200405,+6465080,054173,0563585
663,Scheunemann,Max,16215261444,+7284,14274,37150787,474646,071852
664,Heiser,Janina,+71271138,+504285,0154865,600485710,0662585406,+7838367
665,Ringelblume,Annett,5557243,+651545582,30178765,0166733728,37763248,414064214
666,Meier,Katharina,14687047,0553437,753358630,69018,06678,24814380
667,Sukkense,Anja,11421208,1240304,01504,0165868,+1267,06101225
668,Ahlbusch,Margarethe,+13481403,037027150,624587,01685,6242832382,432751870
669,Weber,Christian,05887,+226460655,016448680,46584001,0603501,727208065
670,Ranke,Ursula,35140,0642571780,0165578667,+6524,0467712336,0512661
671,Cherense,Ruth,74052,+674212625,+3062570,015555376,8646143,4310523
672,Cherense,Hans,0547422137,+48168782,01552718,+74488568,1166308774,+60167
673,Klappbusch,Christine,0415482781,066536614,724552,015777440,+672321510,067732
674,Wurst,Liselotte,+417380,72243,2211536577,+44406287,86315606,5380622
675,Kenterbun,Susanne,+10674731,070620,01682,+175717,+3273,72319
676,Sukkense,Juergen,050436254,573865,375812176,0167164,658263636,0483123786
677,Weitzmann,Martin,17672420,062384674,016481270,0163730323,410245543,06823607
678,Weitzmann,Edith,306421076,+355502,+674258022,71401054,0328248,041277871
679,Grasmann,Markus,25327353,2745635542,2115612,+4197080,62345,07883556
680,Lehmann,Claudia,+30246,5821801,0164642,0166421,77286555,07851
681,Meiermann,Juergen,+64805688,+654224,+2766141,6453585468,3273753,07383617
682,Klappbusch,Ursula,07181375,044807844,015241,+7140,0345587085,+2875
683,Ahlbusch,Maik,0618623272,037260,+15678,50151,+3065,07604
684,Quellmann,Tanja,075772,88802,067738,0152753,1036625024,88371270
685,Klappbusch,Frank,03447,0607057805,0231543432,7264864670,+257337,8260772207
686,Kenterbun,Max,2250587,+5255,+14824708,+21634,+217237,2507667
687,Ranke,Liselotte,06721,+73827,0165474142,01673,+76464871,300072176
688,Mueller,Christian,+7725224,+454463672,015830710,53177,+28516870,134788
689,Meiermann,Kerstin,+46356073,+153108,+1885260,+67370,5024461,07378
690,Ranke,Edith,+7702,5185431251,016317616,335053,5427317660,+5358574
691,Weitzmann,Mathias,+532374241,+30580175,0162466,+1571831,7362611135,36606
692,Lehmann,Ralph,0621104,8151524,01504,+17641620,+470811284,050500661
693,Ploetz,Heinz,13114233,+68438415,+5452,154843,034055206,+340788632
694,Quellmann,Mathias,+155617,068210,+1187414,4578466420,+435482101,070301410
695,Freinemann,Gerda,041570,0701872383,713186,0056281278,210701502,584887
696,Meier,Sophia,057767,56027,+276675566,01665,86554,07234
697,Lehmann,Niklas,+74651,+536513,01563,+407111521,732763,+5620
698,Quellmann,Julia,054371,68001,+764447,4866006750,067700354,+2610622
699,Ringelblume,Manuela,0328708744,04624,0160616,01687054,+4878301,+421231
700,Quellmann,Carl,+42186076,0588820,01551247,6175571153,+516714881,0580311
701,Deutscher,Kurt,378456,+506520434,+54036,86741,06624147,+132517
702,Uhlmann,Monika,0647715,06745,0168741610,1101546485,0322411,0671456
703,Kluggenheim,Arthur,363333658,8766023627,+426287270,1785428765,+46524226,60844
704,Lehmann,Elisabeth,+600456082,32802,8471652661,68867,+205200870,+6040
705,Weber,Anke,448258,0780078158,01650,01588,03108,+73348484
706,Sukkense,Jessika,03802,0323017,015578,01623,+636031,224567
707,Vollert,Kevin,484722,04035258,+625574723,28515885,+6352175,37800
708,Ploetz,Katja,+640617161,256635741,01638374,0161317,22572381,+4637
709,Klappbusch,Frank,+1672404,037747084,366414146,015520,037314,0438280164
710,Deutscher,Willi,0560543,7062881,01851,605828,056535,03173637
711,Kenterbun,Liselotte,0554211,+747078726,+202541,8813414,28665,+207382
712,Ringelblume,Christin,072834,46413,015237521,7237074,+12442500,0784241654
713,Ringelblume,Sandra,0531067175,+12853618,+4071600,015432,+140582650,7358554
714,Ranke,Birgit,075881718,41677,+54325686,015754245,0780748767,03521
715,Lehmann,Helmut,+1305,+3052,+55033006,0153834,+57788,0304155
716,Grasmann,Kurt,055130,+507406402,567130118,2535418265,051512,3521033
717,Meier,Petra,+78864,0570514135,+368062,0151685,+7555,05542081
718,Weitzmann,Curt,048218,+7045511,+23214367,+13414824,03554,+5854
719,Grasmann,Thomas,07273,4236743,4004653,+45777,+4333146,05383746
720,Lehmann,Christine,07663007,04546041,+6888145,+6623,265354221,63245703
721,Weitzmann,Silke,81426850,+1242601,01638385,7314328,03660813,61861224
722,Meiermann,Andreas,+5462161,+41751563,+71416282,+3633758,05230,055760055
723,Ranke,Erika,+62741,046532128,+2257,0168020,53366,525507
724,Weitzmann,Jana,61873,+13631483,015548,08862566,04012,+520627
725,Ranke,Christine,238486,0427353551,+7321617,+143885,0338367,+7551834
726,Brinkmann,Juergen,+4101,+3306,01586,+6476,+7326426,+570705
727,Meiermann,Tobias,+1017040,0683351,0153202,+46603274,07464765,+75535338
728,Ringelblume,Phillipp,+76633,211806,0164388,+367581,+11701,10488153
729,Vollert,Margarete,+7860887,810858875,+33382147,+3674613,+5015814,725774
730,Hitzmann,Sebastian,05018,052011,+2604,+2837608,+7140,+405608
731,Scheunemann,Ralph,6365174088,0340611587,48301075,01628283,034470,05685102
732,Mueller,Hertha,0504434072,0330001,+135228172,0152766,+782837,+37721
733,Grasmann,Werner,18486,03853,016012705,802000,05102,+5311
734,Sukkense,Kerstin,04603,0624727031,+57272,016828640,18165,060353
735,Quellmann,Christine,7306047230,8050324513,016315,+10232701,03172,56406413
736,Silberzeug,Kristin,+5826047,07645,+3427,+55322330,0702324,07708178
737,Scheunemann,Manuela,5285108423,0504312,01578,0151058,633163625,068767201
738,Heiser,Michael,55662045,06244,015270,4410540857,+506722,+3006
739,Cherense,Berta,+52561,+24721554,8556518407,016878735,0707560,+627033583
740,Silberzeug,Erich,16524,+205023167,761022883,27235,+141227,057043076
741,Silberzeug,Elfriede,+6677200,47527,015588,015148166,+2161,+523801
742,Brinkmann,Philipp,+258166,078851574,0167525014,7780247780,048116805,0512366
743,Kenterbun,Emma,07137,0454251773,+251482,+33366,3085806,+62155
744,Klappbusch,Martha,+704677664,671312,068042,015248217,78860,+3371156
745,Kluggenheim,Stephanie,+763052848,037370,53647572,01614,743223,+10715
746,Mueller,Anneliese,12384,+7682,+7260,0154275385,0570460,+635858343
747,Joska,Hedwig,5144281,374860805,015376,00243138,0787513,033161
748,Scheunemann,Mike,+65025014,+52756173,01550135,+174200528,+388540,7051727011
749,Hitzmann,Hildegard,+27114,62367450,36150,+77585177,03614832,+157771555
750,Freinemann,Diana,07738,0432447326,4721001707,78136113,8077211760,1865607608
751,Heiser,Margarethe,+63281803,+760577,+3870,0540447450,+461213233,+36216885
752,Vollert,Gabriele,0558763,0316478,5575113542,+432060057,5273014180,0865627863
753,Meier,Jana,+752471570,+347536261,+36056,0160672332,04857664,+477053
754,Kenterbun,Helga,063202788,06444,+2406843,00486,0447087052,+3642548
755,Ploetz,Carl,6274363,0535701,01565875,+311624,66866,0438183
756,Ahlbusch,Wilhelm,024640420,+283485,42571,87630457,+162186,074736
757,Weber,Sabine,+76232148,045804,01578,+26387365,+76028257,+8712852
758,Ranke,Gabriele,544247,1638621,+11634857,621310407,062486,041461282
759,Klappbusch,Helmut,68365,061544701,01530261,+3463710362,2282658,0574823
760,Ahlbusch,Walter,+460782,062831,+316230,015745125,+6308,07333031
761,Hitzmann,Bernd,0662888630,+51384,01536505,8683644,+136714,00486
762,Meier,Robert,3661122,+480540680,0156066,4104718,5838511,0633233874
763,Deutscher,Marco,+5338280,46378,+618554,01515873,082350713,03161
764,Joska,Dominik,7372475746,+5517788,81651,+50321255,0440164,+12240
765,Mueller,Ursula,+6260,073333508,0163213135,01625,41786172,0310003436
766,Jander,Brigitte,+3722541,074385320,7012580483,4213857681,0443286251,056857
767,Joska,Dieter,+636170377,638208,780073758,056651224,03430718,054875
768,Silberzeug,Ruth,02436570,+562526402,01557121,015506,+14624,+778636
769,Wurst,Stefan,5112172,+5551,01631377,015733401,5730226747,03563
770,Sukkense,Elfriede,+370863086,0661476,0151841334,7652240,18718558,435240
771,Ranke,Birgit,+18617,536105,016328,730152326,0335428,12884758
772,Deutscher,Kristin,+664600230,358316,0150270,016220,0647171,7583303
773,Meiermann,Luise,+144020,07380,+248488842,0154250,+374427,+5231
774,Silberzeug,Frank,032754,+4572,0357072207,01616,52723,05630
775,Scheunemann,Ralph,1172823586,+410084,01560,01501502,3057018182,03267
776,Kenterbun,David,030440,120222,+2434115,016480,+61011,+161361722
777,Weitzmann,Vanessa,+651471,682316,015243548,+7665106,0348756,+36228
778,Joska,Andreas,066887,+503578,+326546,5680186737,+2374053,+13006686
779,Lehmann,Christian,+405871,033507605,015824162,+7763,+720044,0551332
780,Brinkmann,Jens,7514007013,0558502,01641786,01548203,77653714,+78482
781,Scheunemann,Alexander,307775,05402541,+58078615,01552635,86350438,203605
782,Weitzmann,Helmut,068056417,8562608653,+2227112,603667357,072210267,0537414
783,Kluggenheim,Sarah,055548850,03375,761818,+380573136,+25682,35634336
784,Ranke,Petra,0773580,38274010,+356171775,0158020,05804631,63456
785,Wurst,Hermann,057578168,+5326162,63660,+2723,55446,040115807
786,Ringelblume,Max,0555812,36867,+27417,+27760,072832,0458604286
787,Meiermann,Kurt,6655048,27524577,54380,+78257,044118784,058032884
788,Cherense,Jan,164284,037057,+18107,+54486663,+7580610,875260
789,Cherense,Hermann,+3887,7468180065,+336606,548401,+328542430,+3873063
790,Jander,Doreen,06775,32875025,0165550701,015875735,048065,0741170041
791,Wurst,Guenther,0431521388,+711621234,224875446,01586031,+2843,04432540
792,Deutscher,Sarah,057851,037152,016157,+6185816,2720354,+435015636
793,Jander,Kerstin,+466660,042567683,3218646680,4051700,0467047,274851704
794,Joska,Christian,+727607,+281831550,601848564,28486,+6450230,03482434
795,Ringelblume,Dennis,06583053,0484544707,+3177,+1748414,6228878284,+6331886
796,Ringelblume,Sabrina,+4884773,037771,+3012,7813126,03405,672421
797,Brinkmann,Horst,+7272,+31045,015137,+47162,03641,07428
798,Grasmann,Nicole,05432,82464,+440635,01532,+643156,284527
799,Freinemann,Lena,728156,6082612275,+1322,015344,842180,06308076
800,Grasmann,Anja,57853,+26226056,+165662741,+14704,+7172,066230303
801,Deutscher,Melanie,+264223,4162785,01635203,+538140,+4244,05062
802,Ploetz,Karin,06724215,0610065563,+613306,015545060,85767200,872878535
803,Ranke,Ulrich,0571254363,038207,+7447620,3210753477,+1503,044687881
804,Freinemann,Waltraud,61058,0320344,143034,+715424673,255002,0318111
805,Silberzeug,Christine,034788144,03572663,884451171,745425,+541430585,+55382031
806,Vollert,Werner,06651156,11365305,62558,+25666254,+388064,04718
807,Meiermann,Alexander,0640376,715613131,+331568545,+18528465,068746814,03464607
808,Grasmann,Tim,45144524,+665241858,725655,18525,0588051,0516754
809,Lehmann,Mandy,054070560,63124,810472,+28585854,067023431,058856
810,Vollert,Georg,36084,+78623148,015357647,420340,5073420524,051285
811,Kenterbun,Ilse,31030383,+3558171,+13540022,378577,+62282,06056382
812,Uhlmann,Willi,+2460343,+54534207,23718,01615776,035057,+30533160
813,Kenterbun,Lena,3101262,75581,+1327381,78737634,0627050172,+701450553
814,Kenterbun,Walter,+50820012,0713364037,+1668336,016428848,+54784807,8223864
815,Scheunemann,Hedwig,+7073878,+7768,+102066,0153246,+683816,+33834663
816,Grasmann,Kerstin,0642346,0463602,+150785,016308,64420550,0425451
817,Quellmann,Dennis,0740404711,32357718,01517576,0154130681,0542056768,+28277106
818,Lehmann,Edith,06276755,447475206,0152740773,+32073,731028,0784342
819,Meiermann,Sophie,0660318728,03170,0161400,+6811526,03833,+3301442
820,Sukkense,Jessika,04588860,0704245,3006422,016601245,037082,6725434
821,Uhlmann,Marco,187548458,726082,3482206,+43131,047566,0432277
822,Hitzmann,Erich,04545,+641507331,016604865,84616,+23186,+41276
823,Meiermann,Anna,6621347470,05546733,0166240,047702715,+477622571,062618543
824,Joska,Karlheinz,076758116,04700,016863,015160207,61334713,68127
825,Jander,Guenther,03828642,03802371,016008,+5557220,866840032,+70611
826,Sukkense,Mathias,5354124,06348,53035,01518610,+3710383,055071
827,Meier,Lena,03552580,78473,83365871,0304044740,06562822,00147532
828,Klappbusch,Wilhelm,808561404,0516802222,0150128157,0168251260,7423467537,+55177
829,Quellmann,Kathrin,15157,051537814,+523472551,016075,0570012,+52847101
830,Klappbusch,Ursula,0381562,+585214,785815840,+5077575,+58178346,061523
831,Deutscher,Nadine,+68635,+54348815,+167345,610700,032176055,68224
832,Brinkmann,Maximilian,3544575,+4450120,+4541,0158738316,34018463,072246717
833,Kenterbun,Willi,0323132516,0530017,1075725178,+426716,83006368,1231348
834,Weitzmann,Leon,318628465,377602,+207770,+1776,064700731,60365028
835,Lehmann,Ursula,545346277,0826430421,+225127,7116722286,75053,+14660
836,Deutscher,Benjamin,2075363,+224764,0153234078,01545515,+17761756,03313651
837,Mueller,Jens,34312021,+602026777,0150314,+240875167,4116428,+4007024
838,Heiser,Tom,0204421,851451,01564,855276012,078875,+2782335
839,Meiermann,Katja,075308,048715004,+33888205,+17423733,7624133532,068374
840,Lehmann,Max,2380632,03673052,+3370,41657424,043856346,+17805745
841,Deutscher,Helmut,2632306766,667252788,01664882,+6860,+16380,520207065
842,Meier,Sabine,54462,07524,8278176657,76686,45213,035850677
843,Heiser,Heinz,2408861,+11260,+777761,01603,316816,+3644804
844,Ploetz,Stefan,050483,+5536,25471,+376278,+383667,0741076025
845,Ploetz,Jan,+6106,067446857,016371820,+107440,+505633,454212
846,Scheunemann,Maximilian,04145,07514040,016026,2033561037,6873477,06334050
847,Mueller,Anke,03787,66125088,448140,+255308,0746751,+6606574
848,Heiser,Sarah,+5275,0423085766,+5241,+2510,6242203,28181853
849,Wurst,Friedrich,1313846,+77070,00053267,430368,+447880214,035214
850,Wurst,Erika,65221110,044165,+6872,+2764823,4187381144,04655670
851,Silberzeug,Ute,07146548,683150637,+5333087,0156178,+4853,031065044
852,Scheunemann,Ines,133038,8020137,016322,+6832204,282688,+7033
853,Brinkmann,Bertha,223453,08225,015243574,01514165,+1657,0862107638
854,Deutscher,Manuela,+54061,064251,56234,0162144,348188773,0528036
855,Meier,Felix,063322,05222167,35862174,+637774,26706,+530864
856,Ploetz,David,056834351,046870,01667487,214086533,+46303337,+68006
857,Brinkmann,Alfred,+44878528,8637438408,01578733,26284048,4374814,0777722
858,Deutscher,Nadine,053548,+73385873,+6560,+3420,+5364766,+708444034
859,Brinkmann,Julia,3220717,+5184,016306741,+57220,6787324,25746565
860,Deutscher,Doreen,50340172,+60845612,0153070,+466648068,+63007026,050735
861,Wurst,Ida,+71077378,048283266,816570,66180,+17026134,+1730
862,Sukkense,Carl,0351852,+6643,+7880620,+64481173,6740640368,+78564
863,Cherense,Annett,+620560,3207887854,+4507560,731440,378574,+37857657
864,Weber,Kathrin,8513408,25304,8825770170,01577,+7563,+66337677
865,Heiser,Mike,+664543,04270,014783,6541660772,47218,+17463
866,Meier,Sophia,052850784,516524088,80550,+34582427,0660621516,+2338688
867,Uhlmann,Marko,+246228381,+11540230,8285643,01656284,218832871,183634064
868,Ploetz,Werner,06161368,57804244,015040416,01600,+275683301,537505
869,Heiser,Juergen,+4571,241581755,+5152563,+43128210,0666035251,32140606
870,Freinemann,Sophia,05155,+4181223,3741728,5241638,0466205712,3642865213
871,Meiermann,Sabrina,+66834,+1587,+12677,0028348532,0533537,415441510
872,Joska,Jessika,0544771,+36633,01584,+61523,+14426,+5680
873,Wurst,Otto,66048,066261,+6882673,015845316,70005,0743558
874,Meiermann,Jessika,45787478,474238887,32403,0154312063,+220027,+416082221
875,Meiermann,Ella,68508,+5270350,01583615,01256755,03945324,0324553680
876,Ahlbusch,Sabine,06031,+57327,57311,+2128,5215306714,07184
877,Meiermann,Gabriele,07444761,+2770037223,01658,5787647121,+62526,0508687681
878,Ranke,Manuela,7625887,6385073764,+408370328,01545,0664280277,+726434
879,Mueller,Ruth,+18263,055374,01566010,016827,047158,04827
880,Ringelblume,Franziska,+33348377,+56825,015181,0157860,+4375332,+55600183
881,Deutscher,Anja,06060,+72315172,+27412483,+266472,+51263,+7710
882,Kluggenheim,Mario,7135884,0356320311,3757653371,84076801,580005638,+66001
883,Hitzmann,Thomas,0565055162,80277278,247771,016866,5240615772,03440
884,Freinemann,Marco,+115630712,+400705,+3120,+16061304,0510322,806087
885,Kenterbun,Felix,+720864078,+307367,015516,+4475,+436678747,0346707
886,Ploetz,Liselotte,317685,+57406453,2527534488,01570035,0567347,030640386
887,Lehmann,Ralph,0751230,06776,01641,88066,+206201,07552287
888,Cherense,Clara,2038236548,3046345,4058050738,01677,10850,187746251
889,Ringelblume,Willi,183302814,88235487,0158403,015171836,+1780,0330322
890,Sukkense,Susanne,052851,+2321,015236260,+45267043,+6143353,+68241573
891,Mueller,Maximilian,076801237,06278,+505442612,+4114,+65607884,+786225843
892,Joska,Ute,8718508,+2078214,167182661,+410502741,+56126137,0720172
893,Scheunemann,Thorsten,0725487,6681484502,+688177238,+6007,74610217,07861
894,Hitzmann,Jan,680677150,2710707844,016425204,2434404472,+38841652,551406150
895,Vollert,Sabine,+1414,6810462,07024,00213361,077774315,+7315225
896,Meier,Robert,7675561086,+728541221,0151002484,+101087844,06655,4473034
897,Freinemann,Guenter,+44648226,0671264,3106771766,0158163658,0324146,725053
898,Wurst,Lieselotte,+7544457,+77365526,015522080,+430656,+7747303,8618445117
899,Kenterbun,Richard,+570320,06168,124635518,01651455,+336785837,031071105
900,Kenterbun,Tobias,612518,+457577,38045077,015308,18012760,070508156
901,Kluggenheim,Mike,18620017,03075,1767542,+25581565,37300373,4742751368
902,Cherense,Claus,23436262,03248763,+554111082,016565058,204567,0408557
903,Ranke,Jennifer,736330,+3751,+501456300,+51823005,013687,43146
904,Heiser,Uwe,7347308545,05207345,355876,06555,+5663,+112421077
905,Klappbusch,Kerstin,+584242882,0326346,13222676,6573476,+4358,6125147421
906,Meier,Andrea,0607044,0315377,753173,+22648343,+6150210,+1245
907,Grasmann,Ilse,053187,560163374,63000275,34671,66082412,+2682
908,Grasmann,Susanne,+7327504,+50611,03786663,01524,8060018413,0788736717
909,Lehmann,Anja,066276,7815714273,+46358,27886,25712070,+357158640
910,Freinemann,Erika,068282362,06317004,406273,0152326,+6910,0570673056
911,Meier,Max,855635840,7565861,53138,015186065,+5875,+4438124
912,Klappbusch,Claudia,04882,+558535188,+20251360,+1658,35835154,+271676138
913,Kenterbun,Birgit,05608,04157,+33802615,+52064647,+681812,+7680
914,Lehmann,Martin,035042,530448,0166836817,03750720,050561176,+330485353
915,Wurst,Georg,82263,350780,015856,0168058277,+435401,66188723
916,Meiermann,Joachim,+43606,2563334,2335778,+1335637,0621115,4762128553
917,Ringelblume,Bruno,2043250736,05801542,43609156,01640262,0525676,+4235736
918,Ploetz,Angelika,043557,+62468,+1826763,+7551111,+6630,84828486
919,Mueller,Friedrich,+17728,6836875261,+1432,0163302,0610756464,3840877
920,Hitzmann,Sandra,+6577344,07203,0154403,01580784,413458,8355043308
921,Sukkense,Ida,38463,036343857,0150833,13168427,036741,04350776
922,Meiermann,Elisabeth,73802,+16057,+304372006,+225184087,03338630,0736085381
923,Vollert,Marko,0243226,+22102065,+172820748,+1181,+302337750,+48258
924,Freinemann,Karin,32873216,03030,016221278,+776424,+251477,816648818
925,Cherense,Tobias,+2787,0735627,+482474470,420772,+7347610,407344
926,Brinkmann,Dennis,+27536,03857062,015566084,+3528600,+2412,120767754
927,Freinemann,Marie,18521,0342650338,+175785762,+44066228,+27247580,044177076
928,Hitzmann,Maria,606845535,078767,0165442,1665254,71150867,7133503570
929,Grasmann,Harry,04264242,036542578,+38214,+133038560,+6740,+5830
930,Kluggenheim,Klara,215355036,721770181,5684613680,+7621,884444,+72213183
931,Uhlmann,Horst,32031586,17848,+3586073,03865656,44577618,206475
932,Brinkmann,Tim,+681246124,22638125,004671222,+11236138,04864217,05723048
933,Cherense,Claudia,3856722,+13052202,6043427,+1350442,03158,727048354
934,Vollert,Martin,+258351,0582407343,71231775,+7726831,+280552,05218
935,Joska,Marta,038778180,+2866,228416686,+3051,+471686774,067648745
936,Deutscher,Margot,4452330276,+1518464,+14366,+4054,038464,0311254273
937,Uhlmann,Alexander,05765,072222,4340877376,0150570,+144776134,+783125
938,Grasmann,Jessika,05780,27888,015482704,45155,8534817687,26720520
939,Weber,Maria,0169256,+2488220,016405041,016778,60307500,+30207
940,Jander,Leon,050136266,03370673,+66813484,01551,+6768118,04555335
941,Joska,Marta,577355277,+223776,+2443,01574,+2822,246523306
942,Freinemann,Arthur,5701004338,+181332130,02514515,+3315,030611,+6641
943,Weitzmann,Marie,64528,+744042250,+701552456,+565777,614177,03625
944,Brinkmann,Rudolf,+164643424,03337,+411188,0158378885,+125832307,64024453
945,Deutscher,Alfred,7276501,+5780,016153783,5442768,56536,+6185845
946,Klappbusch,Brigitte,68148624,+1823772343,403645,+425242,522671,+405588877
947,Ranke,Elfriede,6470647,07874474,462685260,+208781,+717388136,+135584
948,Kenterbun,Birgit,813107,+188468,01635,+68611,+1231,0622222
949,Sukkense,Martina,0535407,51182,7251577,+7372766,3464251525,6017211
950,Weber,Barbara,107623785,356548,+6603,31401380,06766,+764608404
951,Hitzmann,Ute,+56363,13111671,+53212,016381,+530712,0436700541
952,Cherense,Alexander,0650057,04805,+57564,084625,0348885,0771446453
953,Brinkmann,Georg,0674664,362417,+253681,12414,+40156,23701277615
954,Hitzmann,Uwe,+13810643,+45563445,0326111273,0164034,07427,17263747
955,Quellmann,Florian,1575650,+74276,8143863,01506801,07283,07354122
956,Ahlbusch,Sebastian,+42142,042526,+4628851,+6830,+440154275,06277710
957,Deutscher,Carl,+623738,2678317180,015076,70702,776546,460210
958,Vollert,Manfred,631768545,03107138,015878,5078364056,+330426,+471083
959,Freinemann,Birgit,0330714,1283032,015415480,01656312,3763776,+7583713
960,Joska,Erna,140427815,06025407,+630574,745516,+33548601,48215
961,Kluggenheim,Helga,053787,+43624863,18853137,0150602343,+5580378,+726165817
962,Mueller,Ruth,4753802,88550,015185,+77638018,+4868,0785640
963,Weber,Maik,+56257,03077886,0164434,1877360804,058864,+5804012
964,Mueller,Ursula,+5255,070466925,01576,20541247,+4887,3790326
965,Klappbusch,Anna,+43178828,07026030,301376222,3372171,52331251,16376
966,Ringelblume,Sabine,34540,+784010137,51441,+5311188,037046303,812753864
967,Weitzmann,Harry,256631,76080743,72817,+1676356,237010687,005704770
968,Hitzmann,Claudia,830137,01717,522312575,01656,06055,+711814
969,Sukkense,Birgit,4261827634,0425426030,8231881,+36305,732825688,12177457
970,Scheunemann,Sophie,+37520100,03233,01768,0163773773,07213,06463
971,Ringelblume,Claudia,03381760,2523088,01630,+5735388,36243357,+64851
972,Uhlmann,Andrea,0774612056,041416,+47746,+668581142,047816,05776
973,Jander,Stephanie,0674585,+12882,+1568337,8605548861,7603558,4207180
974,Cherense,Frida,334205552,+51460,01651,01628,04202,0473630173
975,Meier,Nicole,+478301,+424252,65340145,01616,13023310,078830
976,Brinkmann,Christian,040882,+3846367,+3566,0167483582,0544610430,422727554
977,Ploetz,Horst,10820,+4618,03721385,787855763,0340662654,+6128
978,Ranke,Christin,+50681,+107725473,01603626,6710322,+624774,47557331
979,Uhlmann,Yvonne,0682326101,0686271,5814850,+7312,060430122,448650
980,Cherense,Heike,+184800201,53612363,+632372,51434,217313,+323525
981,Hitzmann,Dirk,053478,068621,0155341603,336307742,+4343,7886766
982,Quellmann,Lisa,554306742,+2211887,+5564225,+38440,06063,527606128
983,Kenterbun,Joachim,86084,0368606,+304523,+164414512,+1222,0710814184
984,Quellmann,Sophia,+18230,553473,+488573475,016625034,0307217547,+20267
985,Joska,Mario,0431438747,38550738,+456144168,+77174415,05570,041007
986,Quellmann,Christian,+63528,+6883,4638848,+65785364,+78678846,30037031
987,Mueller,Lukas,06634423,03071120,25276,+6378,86424708,0572025436
988,Silberzeug,Fritz,2405885744,14678142,01636248,01547,67521,033602386
989,Mueller,Stefanie,038776,06407535,6506387557,+6320,811642631,0515482
990,Scheunemann,Sophie,0624841468,07738478,+66562231,016850375,+210062441,04353742
991,Joska,Manfred,+523630885,1286672,+733778,+1440,+37148672,+4133185
992,Uhlmann,Joachim,317122,+1003,426836475,68220421,+3117,05266
993,Quellmann,Klaus,112433864,27613870,0167716018,016135,05665,03204
994,Deutscher,Dieter,3184075331,03172376,+5661237,+20422815,031108743,8656805562
995,Brinkmann,Guenter,+4814668,+53442508,+23200877,0168070452,054421404,+14755
996,Uhlmann,Peter,42147,50164,1256112702,80287,0355124555,131158661
997,Kluggenheim,Fritz,+50584,0441382,+54122356,503753,07258604,0754370428
998,Uhlmann,Sabine,0367665,+5143,672634,513015643,0527377,046472206
999,Deutscher,Manfred,+7684868,6503186304,+170820,+321044323,+127086,75727
